{"cameraMode":{"drawMode":0,"name":"Shaded","section":"Shading Mode"},"sceneLighting":true,"audioPlay":false,"sceneViewState":{"m_AlwaysRefresh":false,"showFog":true,"showSkybox":true,"showFlares":true,"showImageEffects":true,"showParticleSystems":true,"showVisualEffectGraphs":true,"m_FxEnabled":true},"in2DMode":false,"pivot":{"x":11.751486778259278,"y":2.024439573287964,"z":-10.540786743164063},"rotation":{"x":-0.23653064668178559,"y":0.1843421906232834,"z":-0.045758724212646487,"w":-0.9528782963752747},"size":4.6609344482421879,"orthographic":false}