{"cameraMode":{"drawMode":0,"name":"Shaded","section":"Shading Mode"},"sceneLighting":true,"audioPlay":false,"sceneViewState":{"m_AlwaysRefresh":false,"showFog":true,"showSkybox":true,"showFlares":true,"showImageEffects":true,"showParticleSystems":true,"showVisualEffectGraphs":true,"m_FxEnabled":true},"in2DMode":false,"pivot":{"x":0.646072268486023,"y":0.4965754449367523,"z":-0.06787887215614319},"rotation":{"x":0.010228866711258889,"y":-0.7254922986030579,"z":-0.010541210882365704,"w":-0.6882107257843018},"size":2.0660252571105959,"orthographic":false}